[{"model": "release.status", "pk": 1, "fields": {"content": "undo", "alias": "\u672a\u5b8c\u6210"}}, {"model": "release.status", "pk": 2, "fields": {"content": "done", "alias": "\u5b8c\u6210"}}, {"model": "release.status", "pk": 3, "fields": {"content": "processing", "alias": "\u8fdb\u884c\u4e2d"}}, {"model": "release.status", "pk": 4, "fields": {"content": "failed", "alias": "\u5931\u8d25"}}, {"model": "release.status", "pk": 5, "fields": {"content": "suspend", "alias": "\u6682\u505c"}}, {"model": "release.step", "pk": 2, "fields": {"content": "get_package", "alias": "\u83b7\u53d6\u4ee3\u7801", "gray_status": false}}, {"model": "release.step", "pk": 3, "fields": {"content": "get_configuration", "alias": "\u83b7\u53d6\u914d\u7f6e", "gray_status": false}}, {"model": "release.step", "pk": 4, "fields": {"content": "update", "alias": "\u66f4\u65b0", "gray_status": false}}, {"model": "release.step", "pk": 5, "fields": {"content": "get_production", "alias": "\u83b7\u53d6\u4ea7\u7269", "gray_status": false}}, {"model": "release.step", "pk": 6, "fields": {"content": "upload_production", "alias": "\u4e0a\u4f20\u4ea7\u7269", "gray_status": false}}, {"model": "release.step", "pk": 8, "fields": {"content": "lb-down", "alias": "LB\u4e0b\u7ebf", "gray_status": true}}, {"model": "release.step", "pk": 9, "fields": {"content": "lb-up", "alias": "LB\u4e0a\u7ebf", "gray_status": true}}, {"model": "release.step", "pk": 10, "fields": {"content": "hb_check", "alias": "hb\u68c0\u67e5", "gray_status": true}}, {"model": "release.step", "pk": 11, "fields": {"content": "warm", "alias": "\u70b9\u706b", "gray_status": true}}, {"model": "release.step", "pk": 12, "fields": {"content": "rollback", "alias": "\u56de\u6eda", "gray_status": false}}, {"model": "release.step", "pk": 13, "fields": {"content": "complete", "alias": "\u5b8c\u6210", "gray_status": false}}, {"model": "release.step", "pk": 14, "fields": {"content": "deploy", "alias": "\u90e8\u7f72", "gray_status": false}}, {"model": "release.step", "pk": 15, "fields": {"content": "version_check", "alias": "\u7248\u672c\u786e\u8ba4", "gray_status": false}}, {"model": "release.type", "pk": 1, "fields": {"content": "updatestg", "alias": "stg\u53d1\u5e03"}}, {"model": "release.type", "pk": 2, "fields": {"content": "updateiis", "alias": "\u751f\u4ea7\u53d1\u5e03(iis,nodejs)"}}, {"model": "release.type", "pk": 3, "fields": {"content": "updatesrv", "alias": "\u751f\u4ea7\u53d1\u5e03(srv,handler)"}}, {"model": "release.type", "pk": 4, "fields": {"content": "roll", "alias": "\u56de\u6eda"}}, {"model": "release.type_step", "pk": 24, "fields": {"type": 3, "step": 8, "order": 1}}, {"model": "release.type_step", "pk": 25, "fields": {"type": 3, "step": 5, "order": 2}}, {"model": "release.type_step", "pk": 26, "fields": {"type": 3, "step": 14, "order": 3}}, {"model": "release.type_step", "pk": 27, "fields": {"type": 3, "step": 10, "order": 4}}, {"model": "release.type_step", "pk": 28, "fields": {"type": 3, "step": 11, "order": 5}}, {"model": "release.type_step", "pk": 29, "fields": {"type": 3, "step": 9, "order": 6}}, {"model": "release.type_step", "pk": 30, "fields": {"type": 3, "step": 13, "order": 7}}, {"model": "release.type_step", "pk": 101, "fields": {"type": 2, "step": 8, "order": 1}}, {"model": "release.type_step", "pk": 102, "fields": {"type": 2, "step": 5, "order": 2}}, {"model": "release.type_step", "pk": 103, "fields": {"type": 2, "step": 10, "order": 3}}, {"model": "release.type_step", "pk": 104, "fields": {"type": 2, "step": 11, "order": 4}}, {"model": "release.type_step", "pk": 105, "fields": {"type": 2, "step": 15, "order": 5}}, {"model": "release.type_step", "pk": 106, "fields": {"type": 2, "step": 9, "order": 6}}, {"model": "release.type_step", "pk": 107, "fields": {"type": 2, "step": 13, "order": 7}}, {"model": "release.type_step", "pk": 108, "fields": {"type": 4, "step": 8, "order": 1}}, {"model": "release.type_step", "pk": 109, "fields": {"type": 4, "step": 12, "order": 2}}, {"model": "release.type_step", "pk": 110, "fields": {"type": 4, "step": 10, "order": 3}}, {"model": "release.type_step", "pk": 111, "fields": {"type": 4, "step": 11, "order": 4}}, {"model": "release.type_step", "pk": 112, "fields": {"type": 4, "step": 15, "order": 5}}, {"model": "release.type_step", "pk": 113, "fields": {"type": 4, "step": 9, "order": 6}}, {"model": "release.type_step", "pk": 114, "fields": {"type": 4, "step": 13, "order": 7}}, {"model": "release.type_step", "pk": 127, "fields": {"type": 1, "step": 2, "order": 1}}, {"model": "release.type_step", "pk": 128, "fields": {"type": 1, "step": 3, "order": 2}}, {"model": "release.type_step", "pk": 129, "fields": {"type": 1, "step": 4, "order": 3}}, {"model": "release.type_step", "pk": 130, "fields": {"type": 1, "step": 15, "order": 4}}, {"model": "release.type_step", "pk": 131, "fields": {"type": 1, "step": 13, "order": 5}}, {"model": "release.type_step", "pk": 132, "fields": {"type": 1, "step": 6, "order": 6}}]